ano,complexo,codigo,org,atracacoes
2019,Porto Exemplo,BRXX001,1,512
2020,Porto Exemplo,BRXX001,1,553
2021,Porto Exemplo,BRXX001,1,509
2022,Porto Exemplo,BRXX001,1,550
2023,Porto Exemplo,BRXX001,1,528
2024,Porto Exemplo,BRXX001,1,576
2025,Porto Exemplo,BRXX001,1,589
2026,Porto Exemplo,BRXX001,1,94
2019,Porto Exemplo,BRXX002,0,127
2020,Porto Exemplo,BRXX002,0,143
2021,Porto Exemplo,BRXX002,0,137
2022,Porto Exemplo,BRXX002,0,135
2023,Porto Exemplo,BRXX002,0,152
2024,Porto Exemplo,BRXX002,0,145
2025,Porto Exemplo,BRXX002,0,162
2026,Porto Exemplo,BRXX002,0,28
2019,Complexo Fictício,BRYY001,1,234
2020,Complexo Fictício,BRYY001,1,264
2021,Complexo Fictício,BRYY001,1,240
2022,Complexo Fictício,BRYY001,1,286
2023,Complexo Fictício,BRYY001,1,306
2024,Complexo Fictício,BRYY001,1,278
2025,Complexo Fictício,BRYY001,1,310
2026,Complexo Fictício,BRYY001,1,52
