ano,complexo,codigo,longo_curso_t,cabotagem_t,vias_interiores_t
2019,Porto Exemplo,BRXX001,23968311.341,6782261.459,0.0
2020,Porto Exemplo,BRXX001,19960106.813,13248453.48,0.0
2021,Porto Exemplo,BRXX001,20029401.115,10517885.12,0.0
2022,Porto Exemplo,BRXX001,26410155.134,6639717.549,0.0
2023,Porto Exemplo,BRXX001,20027448.392,11659426.06,0.0
2024,Porto Exemplo,BRXX001,23988040.226,10614692.634,0.0
2025,Porto Exemplo,BRXX001,22978028.2,12399835.723,0.0
2026,Porto Exemplo,BRXX001,3833005.339,1854728.797,0.0
2019,Porto Exemplo,BRXX002,5919958.041,1708200.846,0.0
2020,Porto Exemplo,BRXX002,5341138.944,3297299.577,0.0
2021,Porto Exemplo,BRXX002,5933192.402,2311511.442,0.0
2022,Porto Exemplo,BRXX002,6190060.964,1919887.363,0.0
2023,Porto Exemplo,BRXX002,6656268.307,2491992.5,0.0
2024,Porto Exemplo,BRXX002,5934499.86,2786297.83,0.0
2025,Porto Exemplo,BRXX002,6445253.494,3319039.133,0.0
2026,Porto Exemplo,BRXX002,1360752.523,363924.791,0.0
2019,Complexo Fictício,BRYY001,11058932.422,3018458.063,0.0
2020,Complexo Fictício,BRYY001,11342672.55,4544784.019,0.0
2021,Complexo Fictício,BRYY001,11187559.913,3243462.259,0.0
2022,Complexo Fictício,BRYY001,10389634.782,6782197.706,0.0
2023,Complexo Fictício,BRYY001,13438333.521,4931284.55,0.0
2024,Complexo Fictício,BRYY001,12000566.853,4711959.948,0.0
2025,Complexo Fictício,BRYY001,14572619.677,4066356.06,0.0
2026,Complexo Fictício,BRYY001,2422010.018,756041.372,0.0
