ano,complexo,codigo,toneladas
2019,Porto Exemplo,BRXX001,30750572.8
2020,Porto Exemplo,BRXX001,33208560.293
2021,Porto Exemplo,BRXX001,30547286.235
2022,Porto Exemplo,BRXX001,33049872.683
2023,Porto Exemplo,BRXX001,31686874.452
2024,Porto Exemplo,BRXX001,34602732.86
2025,Porto Exemplo,BRXX001,35377863.923
2026,Porto Exemplo,BRXX001,5687734.136
2019,Porto Exemplo,BRXX002,7628158.887
2020,Porto Exemplo,BRXX002,8638438.521
2021,Porto Exemplo,BRXX002,8244703.844
2022,Porto Exemplo,BRXX002,8109948.327
2023,Porto Exemplo,BRXX002,9148260.807
2024,Porto Exemplo,BRXX002,8720797.69
2025,Porto Exemplo,BRXX002,9764292.627
2026,Porto Exemplo,BRXX002,1724677.314
2019,Complexo Fictício,BRYY001,14077390.485
2020,Complexo Fictício,BRYY001,15887456.569
2021,Complexo Fictício,BRYY001,14431022.172
2022,Complexo Fictício,BRYY001,17171832.488
2023,Complexo Fictício,BRYY001,18369618.071
2024,Complexo Fictício,BRYY001,16712526.801
2025,Complexo Fictício,BRYY001,18638975.737
2026,Complexo Fictício,BRYY001,3178051.39
