ano,complexo,codigo,t_espera_atracacao_h,t_operacao_h,t_atracado_h,t_estadia_h
2019,Porto Exemplo,BRXX001,97.569,36.756,44.758,145.326
2020,Porto Exemplo,BRXX001,102.123,53.912,63.591,168.714
2021,Porto Exemplo,BRXX001,45.487,43.352,53.398,101.885
2022,Porto Exemplo,BRXX001,99.266,48.665,63.555,165.821
2023,Porto Exemplo,BRXX001,81.254,31.318,36.675,120.929
2024,Porto Exemplo,BRXX001,111.717,48.877,59.018,173.735
2025,Porto Exemplo,BRXX001,21.179,35.772,47.692,71.872
2026,Porto Exemplo,BRXX001,20.373,54.901,61.446,84.819
2019,Porto Exemplo,BRXX002,70.979,55.415,66.812,140.791
2020,Porto Exemplo,BRXX002,74.114,45.233,58.947,136.061
2021,Porto Exemplo,BRXX002,25.925,41.629,49.859,78.784
2022,Porto Exemplo,BRXX002,57.945,59.362,70.262,131.207
2023,Porto Exemplo,BRXX002,87.645,34.524,43.927,134.572
2024,Porto Exemplo,BRXX002,29.67,59.035,66.185,98.855
2025,Porto Exemplo,BRXX002,107.408,49.866,56.183,166.59
2026,Porto Exemplo,BRXX002,110.392,47.092,53.546,166.938
2019,Complexo Fictício,BRYY001,75.233,35.417,49.257,127.49
2020,Complexo Fictício,BRYY001,57.629,42.329,49.724,110.352
2021,Complexo Fictício,BRYY001,66.773,46.429,54.651,124.424
2022,Complexo Fictício,BRYY001,57.219,30.911,37.139,97.358
2023,Complexo Fictício,BRYY001,62.822,45.712,59.44,125.262
2024,Complexo Fictício,BRYY001,88.368,40.662,50.853,142.222
2025,Complexo Fictício,BRYY001,35.106,58.003,63.054,101.161
2026,Complexo Fictício,BRYY001,33.676,42.567,55.72,92.396
